id,ingredient_name,meal_id,measure
1010,Jam,91,1
1097,Rice Vinegar,99,3
2661,Egg,242,2
1,whole wheat,1,2
2,lamb loin chops,1,3
3,olive oil,1,4
4,shallots,1,5
5,carrots,1,1
6,turnips,1,2
7,celeriac,1,3
8,charlotte potatoes,1,4
9,white wine,1,5
10,caster sugar,1,1
11,fresh thyme,1,2
12,oregano,1,3
13,chicken stock,1,4
14,Double Cream,2,5
15,White Chocolate Chips,2,1
16,Vanilla,2,2
17,Egg Yolks,2,3
18,Caster Sugar,2,4
19,Caster Sugar,2,5
20,Pork,3,1
21,Garlic Clove,3,2
22,Ginger,3,3
23,Soy Sauce,3,4
24,Sesame Seed Oil,3,5
25,Carrots,3,1
26,Celery,3,2
27,Spring Onions,3,3
28,Wonton Skin,3,4
29,Oil,3,5
30,Water,3,1
31,Flour,4,2
32,Caster Sugar,4,3
33,Yeast,4,4
34,Salt,4,5
35,Milk,4,1
36,Eggs,4,2
37,Butter,4,3
38,Walnuts,4,4
39,Butter,4,5
40,Brown Sugar,4,1
41,Cinnamon,4,2
42,Milk,4,3
43,Icing Sugar,4,4
44,soy sauce,5,5
45,water,5,1
46,brown sugar,5,2
47,ground ginger,5,3
48,minced garlic,5,4
49,cornstarch,5,5
50,chicken breasts,5,1
51,stir-fry vegetables,5,2
52,brown rice,5,3
53,lemons,6,4
54,paprika,6,5
55,red onions,6,1
56,chicken thighs,6,2
59,ginger,6,5
541,fennel bulb,51,2
1201,Egg,108,2
2118,Egg,195,4
57,vegetable oil,6,3
58,Greek yogurt,6,4
60,garlic clove,6,1
61,garam masala,6,2
62,ground cumin,6,3
63,chilli powder,6,4
64,turmeric,6,5
65,potatoes,7,1
66,green beans,7,2
67,sunflower oil,7,3
68,garlic,7,4
69,Thai green curry paste,7,5
70,coconut milk,7,1
71,Thai fish sauce,7,2
72,Sugar,7,3
73,Chicken,7,4
74,lime,7,5
75,basil,7,1
76,Rice,7,2
77,sausages,8,3
78,vegetable oil,8,4
79,plain flour,8,5
80,eggs,8,1
81,horseradish,8,2
82,milk,8,3
83,cherry tomatoes,8,4
84,Olive Oil,9,5
85,Onion,9,1
86,Garlic,9,2
87,Worcestershire Sauce,9,3
88,Tomato Puree,9,4
89,Turkey Mince,9,5
90,Eggs,9,1
91,Breadcrumbs,9,2
92,Barbeque Sauce,9,3
93,Cannellini Beans,9,4
94,Parsley,9,5
95,Potatoes,10,1
96,Olive Oil,10,2
97,Eggs,10,3
98,Red Wine Vinegar,10,4
99,Capers,10,5
100,Sunflower Oil,10,1
101,Red Onions,10,2
102,Spinach,10,3
103,Tuna,10,4
104,Tahini,11,5
105,Lemon,11,1
106,Olive Oil,11,2
107,Red Onions,11,3
108,Garlic,11,4
109,Yellow Pepper,11,5
110,Green Beans,11,1
111,Courgettes,11,2
112,Kale,11,3
113,Lentils,11,4
114,Potatoes,12,5
115,Butter,12,1
116,Milk,12,2
117,Gruyère,12,3
118,Butter,12,4
119,Leek,12,5
120,Plain Flour,12,1
121,White Wine,12,2
122,Milk,12,3
123,Parsley,12,4
124,Salmon,12,5
125,Haddock,12,1
126,Smoked Haddock,12,2
127,Eggs,12,3
128,Plain Flour,13,4
129,Butter,13,5
130,Golden Syrup,13,1
131,Breadcrumbs,13,2
132,Lemons,13,3
133,Eggs,13,4
134,Puff Pastry,14,5
135,Plain Flour,14,1
136,Braeburn Apples,14,2
137,Caster Sugar,14,3
138,Butter,14,4
139,Creme Fraiche,14,5
140,Butter,15,1
141,Parmesan,15,2
142,Milk,15,3
143,Bay Leaves,15,4
144,Plain Flour,15,5
145,English Mustard,15,1
146,Cayenne Pepper,15,2
147,Gruyère,15,3
148,Eggs,15,4
149,Goats Cheese,15,5
150,Double Cream,15,1
151,Spinach,15,2
152,Potatoes,16,3
153,Sunflower Oil,16,4
154,Minced Pork,16,5
155,Onion,16,1
156,Garlic Clove,16,2
157,Cinnamon,16,3
158,Allspice,16,4
159,Nutmeg,16,5
160,Vegetable Stock,16,1
161,Shortcrust Pastry,16,2
162,Egg,16,3
163,Flour,17,4
164,Sugar,17,5
165,Baking Powder,17,1
166,Salt,17,2
167,Egg,17,3
168,Milk,17,4
169,Oil,17,5
170,Oil,17,1
171,Icing Sugar,17,2
172,Orange,18,3
173,Caster Sugar,18,4
174,Olive Oil,18,5
175,Flour,18,1
176,Baking Powder,18,2
177,Eggs,18,3
178,Vanilla Extract,18,4
179,Lamb Mince,19,5
180,Garlic,19,1
181,Onion,19,2
182,Spinach,19,3
183,Tomato Puree,19,4
184,Cumin,19,5
185,Chicken Stock,19,1
186,Harissa Spice,19,2
187,Chickpeas,19,3
188,Lemon Juice,19,4
189,Macaroni,19,5
190,Salt,19,1
191,Pepper,19,2
192,Olive Oil,20,3
193,Spring Onions,20,4
194,Spinach,20,5
195,Filo Pastry,20,1
196,Tuna,20,2
197,Eggs,20,3
198,Hotsauce,20,4
199,Tomatoes,20,5
200,Cucumber,20,1
201,Lemon Juice,20,2
202,Apricot Jam,20,3
203,Broad Beans,21,4
204,Spring Onions,21,5
205,Garlic Clove,21,1
206,Parsley,21,2
207,Cumin,21,3
208,Baking Powder,21,4
209,Cayenne Pepper,21,5
210,Flour,21,1
211,Vegetable Oil,21,2
212,Pork Chops,22,3
213,Flour,22,4
214,Eggs,22,5
215,Breadcrumbs,22,1
216,Vegetable Oil,22,2
217,Tomato Ketchup,22,3
218,Worcestershire Sauce,22,4
219,Oyster Sauce,22,5
220,Caster Sugar,22,1
221,Beef,23,2
222,Onions,23,3
223,Carrots,23,4
224,Garlic,23,5
225,Bay Leaf,23,1
226,Red Wine,23,2
227,Water,23,3
228,Mustard,23,4
229,Salt,23,5
230,Pepper,23,1
231,Paprika,23,2
232,Vegetable Oil,23,3
233,Toor dal,24,4
234,Water,24,5
235,Salt,24,1
236,Turmeric,24,2
237,Ghee,24,3
238,Chopped tomatoes,24,4
239,Cumin seeds,24,5
240,Mustard Seeds,24,1
241,Bay Leaf,24,2
242,Green Chili,24,3
243,Ginger,24,4
244,Cilantro,24,5
245,Red Pepper,24,1
246,Salt,24,2
247,Sugar,24,3
248,Garam Masala,24,4
249,Almonds,25,5
250,Butter,25,1
251,Muscovado Sugar,25,2
252,Orange,25,3
253,Apricot Jam,25,4
254,Plain Flour,25,5
255,Baking Powder,25,1
256,Eggs,25,2
257,Ground Almonds,25,3
258,Milk,25,4
259,Dried Fruit,25,5
260,Glace Cherry,25,1
261,Milk,25,2
262,Caster Sugar,25,3
263,Sea Salt,26,4
264,Bay Leaf,26,5
265,Garlic,26,1
266,Thyme,26,2
267,Duck Legs,26,3
268,White Wine,26,4
269,green red lentils,27,5
270,carrot,27,1
271,onion,27,2
272,zucchini,27,3
273,coriander,27,4
274,spinach,27,5
275,lasagne sheets,27,1
276,vegan butter,27,2
277,flour,27,3
278,soya milk,27,4
279,mustard,27,5
280,vinegar,27,1
281,self raising flour,28,2
282,coco sugar,28,3
283,cacao,28,4
284,baking powder,28,5
285,flax eggs,28,1
286,almond milk,28,2
287,vanilla,28,3
288,water,28,4
289,Pork,29,5
290,Rice Vermicelli,29,1
291,Egg Rolls,29,2
292,Challots,29,3
293,Garlic,29,4
294,Sugar,29,5
295,Fish Sauce,29,1
296,Soy sauce,29,2
297,Pepper,29,3
298,Olive Oil,29,4
299,Cucumber,29,5
300,Mint,29,1
301,Peanuts,29,2
302,Olive Oil,30,3
303,Duck Legs,30,4
304,Onions,30,5
305,Garlic,30,1
306,Cinnamon,30,2
307,Plain Flour,30,3
308,Red Wine,30,4
309,Chopped Tomatoes,30,5
310,Chicken Stock Cube,30,1
311,Rosemary,30,2
312,Bay Leaves,30,3
313,Sugar,30,4
314,Milk,30,5
315,Paccheri Pasta,30,1
316,Parmesan Cheese,30,2
317,Rapeseed Oil,31,3
318,Onion,31,4
319,Garlic,31,5
320,Paprika,31,1
321,Cumin,31,2
322,Thyme,31,3
323,Carrots,31,4
324,Celery,31,5
325,Red Pepper,31,1
326,Yellow Pepper,31,2
327,Tomato,31,3
328,Vegetable Stock Cube,31,4
329,Courgettes,31,5
330,Thyme,31,1
331,Lentils,31,2
332,Roasted Vegetables,32,3
333,Kidney Beans,32,4
334,Chopped Tomatoes,32,5
335,Mixed Grain,32,1
336,Potatoes,33,2
337,Small Potatoes,33,3
338,Salted Butter,33,4
339,Mushrooms,33,5
340,Brown Lentils,33,1
341,Garlic,33,2
342,Kosher Salt,33,3
343,Onion,33,4
344,Tomato Puree,33,5
345,Bay Leaves,33,1
346,Olive Oil,33,2
347,Dry White Wine,33,3
348,Vegetable Stock,33,4
349,Cornstarch,33,5
350,Soy Sauce,33,1
351,Rosemary,33,2
352,Parsley,33,3
353,Sage,33,4
354,Chives,33,5
355,mozzarella balls,34,1
356,baby plum tomatoes,34,2
357,fresh basil,34,3
358,farfalle,34,4
359,extra virgin olive oil,34,5
360,Green Olives,34,1
361,tuna,34,2
362,salt,34,3
363,pepper,34,4
364,Peanuts,35,5
365,Coconut cream,35,1
366,Massaman curry paste,35,2
367,Beef,35,3
368,Potatoes,35,4
369,Onion,35,5
370,Lime,35,1
371,Cinnamon stick,35,2
372,Tamarind paste,35,3
373,Brown sugar,35,4
374,Fish Sauce,35,5
375,chilli,35,1
376,Jasmine Rice,35,2
377,Mushrooms,36,3
378,Chestnuts,36,4
379,Challots,36,5
380,Garlic,36,1
381,Rosemary,36,2
382,Wild Mushrooms,36,3
383,Soy Sauce,36,4
384,White Wine,36,5
385,Lasagne Sheets,36,1
386,Breadcrumbs,36,2
387,Sage,36,3
388,Truffle Oil,36,4
389,Sunflower Oil,37,5
390,Paneer,37,1
391,Ginger,37,2
392,Cumin,37,3
393,Turmeric,37,4
394,Coriander,37,5
395,Green Chilli,37,1
396,Tomato,37,2
397,Peas,37,3
398,Garam Masala,37,4
399,Coriander,37,5
400,Naan Bread,37,1
401,Vegetable Oil,38,2
402,Minced Beef,38,3
403,Onion,38,4
404,Tomato Puree,38,5
405,Plain Flour,38,1
406,Mushrooms,38,2
407,Beef Stock,38,3
408,Worcestershire Sauce,38,4
409,Shortcrust Pastry,38,5
410,Egg Yolks,38,1
411,Cumin,39,2
412,Rapeseed Oil,39,3
413,Red Onions,39,4
414,Garlic Clove,39,5
415,Green Chilli,39,1
416,Red Pepper,39,2
417,Nutmeg,39,3
418,Coriander,39,4
419,Lamb Mince,39,5
420,Pepper,39,1
421,Coriander,39,2
422,Plain Flour,39,3
423,Salt,39,4
424,Milk,39,5
425,Lard,39,1
426,Egg Yolks,39,2
427,Butter,40,3
428,Caster Sugar,40,4
429,Eggs,40,5
430,Self-raising Flour,40,1
431,Milk,40,2
432,Lemon,40,3
433,Mixed Peel,40,4
434,Beef Brisket,41,5
435,Salt,41,1
436,Black Pepper,41,2
437,Coriander,41,3
438,Sugar,41,4
439,Bay Leaf,41,5
440,Cloves,41,1
441,Black Pepper,41,2
442,Coriander,41,3
443,Paprika,41,4
444,Garlic,41,5
445,Onion,41,1
446,Dill,41,2
447,English Mustard,41,3
448,Celery Salt,41,4
449,Red Pepper Flakes,41,5
450,Tofu,42,1
451,Minced Beef,42,2
452,Sesame Seed Oil,42,3
453,Doubanjiang,42,4
454,Fermented Black Beans,42,5
455,Pepper,42,1
456,Salt,42,2
457,Sichuan pepper,42,3
458,Soy Sauce,42,4
459,Water,42,5
460,Olive Oil,42,1
461,Scallions,42,2
462,Spring Onions,42,3
463,Garlic,42,4
464,Ginger,42,5
465,Water,42,1
466,Cornstarch,42,2
467,Goat Meat,43,3
468,Corn Flour,43,4
469,Tomatoes,43,5
470,Salt,43,1
471,Onion,43,2
472,Green Chilli,43,3
473,Coriander Leaves,43,4
474,Butter,44,5
475,Plain Flour,44,1
476,Caster Sugar,44,2
477,Mincemeat,44,3
478,Egg,44,4
479,Icing Sugar,44,5
480,Beef,45,1
481,Aubergine,45,2
482,Greek Yogurt,45,3
483,Egg,45,4
484,Parmesan,45,5
485,Tomato,45,1
486,Tomato Puree,45,2
487,Potatoes,45,3
488,Mulukhiyah,46,4
489,Onion,46,5
490,Beef,46,1
491,Salt,46,2
492,Water,46,3
493,Garlic Clove,46,4
494,Olive Oil,46,5
495,Potatoes,47,1
496,Milk,47,2
497,Butter,47,3
498,Mustard,47,4
499,Spring Onions,47,5
500,Spring Onions,47,1
501,Carrots,48,2
502,Onion,48,3
503,Garlic Clove,48,4
504,Cumin,48,5
505,Coriander,48,1
506,Olive Oil,48,2
507,Garam Masala,48,3
508,Lemon Juice,48,4
509,Peanuts,49,5
510,Chilli,49,1
511,Prawns,49,2
512,Oil,49,3
513,Water,49,4
514,Tamarind Paste,49,5
515,Potatoes,49,1
516,Red Onions,49,2
517,Garlic Clove,49,3
518,Cabbage,49,4
519,Chinese Broccoli,49,5
520,Tofu,49,1
521,Soy Sauce,49,2
522,Noodles,49,3
523,Egg,49,4
524,Mushrooms,50,5
525,Buckwheat,50,1
526,Vegetable Oil,50,2
527,Onion,50,3
528,Garlic,50,4
529,Bay Leaf,50,5
530,Vegetable Stock Cube,50,1
531,Sour Cream,50,2
532,White Wine Vinegar,50,3
533,Parsley,50,4
534,olive oil,51,5
535,ginger,51,1
536,garlic,51,2
537,tomatoes,51,3
538,lemon juice,51,4
539,caster sugar,51,5
540,vine leaves,51,1
542,lamb mince,51,3
543,onion,51,4
544,potato,51,5
545,basmati rice,51,1
546,chopped parsley,51,2
547,coriander,51,3
548,lemon juice,51,4
549,garlic,51,5
550,clove,51,1
551,cinnamon,51,2
552,tomatoes,51,3
553,Cashew nuts,52,4
554,Khus khus,52,5
555,Cumin seeds,52,1
556,Onions,52,2
557,Ginger garlic paste,52,3
558,Garlic,52,4
559,Mint,52,5
560,Cilantro,52,1
561,Saffron,52,2
562,Ghee,52,3
563,Basmati rice,52,4
564,Full fat yogurt,52,5
565,Cumin Seeds,52,1
566,Bay leaf,52,2
567,Cinnamon,52,3
568,Cloves,52,4
569,Cardamom,52,5
570,Lamb,52,1
571,Red Chilli powder,52,2
572,Biryani masala,52,3
573,Onion,53,4
574,Sunflower Oil,53,5
575,Garlic,53,1
576,Ginger,53,2
577,Madras Paste,53,3
578,Paprika,53,4
579,cinnamon stick,53,5
580,Cardamom,53,1
581,Clove,53,2
582,Bay Leaf,53,3
583,Tomato Purée,53,4
584,Lamb,53,5
585,Greek yogurt,53,1
586,Coriander,53,2
587,Olive Oil,54,3
588,red chili,54,4
589,Thai red curry paste,54,5
590,vegetable stock cube,54,1
591,coconut milk,54,2
592,fish sauce,54,3
593,rice noodles,54,4
594,lime,54,5
595,king prawns,54,1
596,coriander,54,2
597,Olive Oil,55,3
598,Onion,55,4
599,Carrots,55,5
600,Lamb Leg,55,1
601,Garlic,55,2
602,Cumin,55,3
603,Ginger,55,4
604,Saffron,55,5
605,Cinnamon,55,1
606,Honey,55,2
607,Apricot,55,3
608,Vegetable Stock Cube,55,4
609,Butternut Squash,55,5
610,Couscous,55,1
611,Parsley,55,2
612,Olive Oil,56,3
613,Bacon,56,4
614,Onion,56,5
615,Celery,56,1
616,Carrots,56,2
617,Garlic,56,3
618,Minced Beef,56,4
619,Tomato Puree,56,5
620,Chopped Tomatoes,56,1
621,Honey,56,2
622,Lasagne Sheets,56,3
623,Creme Fraiche,56,4
624,Mozzarella Balls,56,5
625,Parmesan Cheese,56,1
626,Basil Leaves,56,2
627,Lamb Shoulder,57,3
628,Flour,57,4
629,Vegetable Oil,57,5
630,Onion,57,1
631,Carrots,57,2
632,Vegetable Stock,57,3
633,Potatoes,57,4
634,Shortcrust Pastry,57,5
635,Eggs,57,1
636,Butter,58,2
637,Lamb,58,3
638,Lamb Kidney,58,4
639,Onions,58,5
640,Carrots,58,1
641,Plain Flour,58,2
642,Worcestershire Sauce,58,3
643,Chicken Stock,58,4
644,Bay Leaves,58,5
645,Potatoes,58,1
646,Olive Oil,59,2
647,Onion,59,3
648,Chickpeas,59,4
649,Vegetable Stock,59,5
650,Cumin,59,1
651,Garlic,59,2
652,Salt,59,3
653,Harissa Spice,59,4
654,Pepper,59,5
655,Lime,59,1
656,Sour Cream,60,2
657,Chopped Onion,60,3
658,Dried Oregano,60,4
659,Salt,60,5
660,Bread,60,1
661,Bacon,60,2
662,Tomato,60,3
663,Mozzarella,60,4
664,Butter,60,5
665,Garlic,61,1
666,Sea Salt,61,2
667,Olive Oil,61,3
668,Lemon,61,4
669,Dill,61,5
670,Lamb Leg,61,1
671,Pita Bread,61,2
672,Bulgur Wheat,62,3
673,Lamb Mince,62,4
674,Cumin,62,5
675,Coriander,62,1
676,Paprika,62,2
677,Garlic,62,3
678,Olive Oil,62,4
679,Bun,62,5
680,Cucumber,62,1
681,Greek Yogurt,62,2
682,Mint,62,3
683,Raw king prawns,63,4
684,Olive oil,63,5
685,Chopped onion,63,1
686,Freshly chopped parsley,63,2
687,White wine,63,3
688,Chopped tomatoes,63,4
689,Minced garlic,63,5
690,Cubed Feta cheese,63,1
691,Macaroni,64,2
692,Plain Flour,64,3
693,Mustard Powder,64,4
694,Garlic powder,64,5
695,Kosher salt,64,1
696,Black pepper,64,2
697,Cayenne pepper,64,3
698,Butter,64,4
699,Whole Milk,64,5
700,Heavy Cream,64,1
701,Monterey Jack Cheese,64,2
702,Butter,64,3
703,garlic powder,64,4
704,Bread,64,5
705,Cheddar Cheese,64,1
706,Colby Jack Cheese,64,2
707,Butter,64,3
708,Chicken Breast,65,4
709,Plain Flour,65,5
710,Egg,65,1
711,Starch,65,2
712,Baking Powder,65,3
713,Salt,65,4
714,Onion Salt,65,5
715,Garlic Powder,65,1
716,Water,65,2
717,Chicken Stock,65,3
718,Duck Sauce,65,4
719,Soy Sauce,65,5
720,Honey,65,1
721,Rice Vinegar,65,2
722,Sesame Seed Oil,65,3
723,Gochujang,65,4
724,Starch,65,5
725,Garlic,65,1
726,Spring Onions,65,2
727,Ginger,65,3
728,Butter Beans,66,4
729,Olive Oil,66,5
730,Onion,66,1
731,Garlic Clove,66,2
732,Tomato Puree,66,3
733,Tomatoes,66,4
734,Sugar,66,5
735,Dried Oregano,66,1
736,Cinnamon,66,2
737,Chopped Parsley,66,3
738,Cabbage,67,4
739,Butter,67,5
740,Onion,67,1
741,Ground Beef,67,2
742,Ground Pork,67,3
743,Rice,67,4
744,Garlic,67,5
745,Salt,67,1
746,Black Pepper,67,2
747,Tomato Puree,67,3
748,Sardines,68,4
749,Olive Oil,68,5
750,Garlic,68,1
751,Paprika,68,2
752,Lemon,68,3
753,Rosemary,68,4
754,Red Chilli,68,5
755,digestive biscuits,69,1
756,butter,69,2
757,Bramley apples,69,3
758,"butter, softened",69,4
759,caster sugar,69,5
760,"free-range eggs, beaten",69,1
761,ground almonds,69,2
762,almond extract,69,3
763,flaked almonds,69,4
764,Plain Flour,70,5
765,Caster Sugar,70,1
766,Butter,70,2
767,Braeburn Apples,70,3
768,Butter,70,4
769,Demerara Sugar,70,5
770,Blackberrys,70,1
771,Cinnamon,70,2
772,Ice Cream,70,3
773,Milk,71,4
774,Oil,71,5
775,Eggs,71,1
776,Flour,71,2
777,Baking Powder,71,3
778,Salt,71,4
779,Unsalted Butter,71,5
780,Sugar,71,1
781,Peanut Butter,71,2
782,Chicken Thighs,72,3
783,Challots,72,4
784,Ginger,72,5
785,Garlic Clove,72,1
786,Cayenne Pepper,72,2
787,Turmeric,72,3
788,Cumin,72,4
789,Coriander,72,5
790,Fennel,72,1
791,Tamarind Paste,72,2
792,Coconut Milk,72,3
793,Sugar,72,4
794,Water,72,5
795,Udon Noodles,73,1
796,Sesame Seed Oil,73,2
797,Onion,73,3
798,Cabbage,73,4
799,Shiitake Mushrooms,73,5
800,Spring Onions,73,1
801,Mirin,73,2
802,Soy Sauce,73,3
803,Caster Sugar,73,4
804,Worcestershire Sauce,73,5
805,strawberries,74,1
806,double cream,74,2
807,meringue nests,74,3
808,ginger cordial,74,4
809,Mint,74,5
810,Butter,75,1
811,Plain Flour,75,2
812,Lemon,75,3
813,Butter,75,4
814,Currants,75,5
815,Mixed Peel,75,1
816,Muscovado Sugar,75,2
817,Cinnamon,75,3
818,Ginger,75,4
819,Allspice,75,5
820,Lemon,75,1
821,Eggs,75,2
822,Sugar,75,3
823,Sausages,76,4
824,Bacon,76,5
825,Mushrooms,76,1
826,Tomatoes,76,2
827,Black Pudding,76,3
828,Eggs,76,4
829,Bread,76,5
830,Red Snapper,77,1
831,Vegetable Oil,77,2
832,Garlic,77,3
833,Ginger,77,4
834,Thyme,77,5
835,Bay Leaf,77,1
836,Red Pepper,77,2
837,Yellow Pepper,77,3
838,Onion,77,4
839,Carrots,77,5
840,Sugar,77,1
841,Allspice,77,2
842,Worcestershire Sauce,77,3
843,Scotch Bonnet,77,4
844,Lime,77,5
845,Malt Vinegar,77,1
846,Pepper,77,2
847,Chicken Stock,78,3
848,Salt,78,4
849,Sugar,78,5
850,Pepper,78,1
851,Sesame Seed Oil,78,2
852,Peas,78,3
853,Mushrooms,78,4
854,Cornstarch,78,5
855,Water,78,1
856,Spring Onions,78,2
857,Beef,79,3
858,Onion,79,4
859,Chicken Stock Cube,79,5
860,Tomatoes,79,1
861,Garlic Clove,79,2
862,Tomato Puree,79,3
863,Rice,79,4
864,Noodles,79,5
865,Butter,79,1
866,Olive Oil,79,2
867,Pita Bread,79,3
868,Cumin,79,4
869,White Wine Vinegar,79,5
870,Salt,79,1
871,Pepper,79,2
872,olive oil,80,3
873,Italian fennel sausages,80,4
874,onion,80,5
875,fennel bulb,80,1
876,smoky paprika,80,2
877,garlic,80,3
878,fennel seeds,80,4
879,red wine,80,5
880,chopped tomatoes,80,1
881,caster sugar,80,2
882,pitted black olives,80,3
883,rigatoni,80,4
884,pecorino,80,5
885,anchovy fillet,80,1
886,garlic,80,2
887,olive oil,80,3
888,basil leaves,80,4
889,Miniature Marshmallows,81,5
890,Chocolate Chips,81,1
891,Peanut Butter,81,2
892,Vanilla Extract,81,3
893,Peanuts,81,4
894,Mackerel,82,5
895,Red Chili,82,1
896,Ginger,82,2
897,Garlic,82,3
898,Pepper,82,4
899,Cumin,82,5
900,Turmeric,82,1
901,Cinnamon stick,82,2
902,Clove,82,3
903,Cardamom,82,4
904,Sugar,82,5
905,Tamarind ball,82,1
906,Vinegar,82,2
907,Oil,82,3
908,Olive Oil,83,4
909,Onion,83,5
910,Carrot,83,1
911,Celery,83,2
912,Garlic,83,3
913,Cannellini Beans,83,4
914,Canned tomatoes,83,5
915,Water,83,1
916,Rosemary,83,2
917,Thyme,83,3
918,Kale,83,4
919,Wholegrain Bread,83,5
920,Red Onion,83,1
921,Parmesan,83,2
922,Olive Oil,84,3
923,Carrots,84,4
924,Celery,84,5
925,Onion,84,1
926,Garlic,84,2
927,Brown Lentils,84,3
928,Bay Leaves,84,4
929,Water,84,5
930,Salt,84,1
931,Apple Cider Vinegar,84,2
932,Pepper,84,3
933,Egg Plants,84,4
934,Rosemary,84,5
935,Pine nuts,84,1
936,Parsley,84,2
937,Self-raising Flour,85,3
938,Caster Sugar,85,4
939,Baking Powder,85,5
940,Butter,85,1
941,Dried Fruit,85,2
942,Eggs,85,3
943,Milk,85,4
944,Vanilla Extract,85,5
945,Aubergine,86,1
946,Courgettes,86,2
947,Yellow Pepper,86,3
948,Tomato,86,4
949,Olive Oil,86,5
950,Basil,86,1
951,Onion,86,2
952,Garlic Clove,86,3
953,Red Wine Vinegar,86,4
954,Sugar,86,5
955,Butter,87,1
956,Onions,87,2
957,Chicken Stock,87,3
958,Chicken Breast,87,4
959,Potatoes,87,5
960,Salt,87,1
961,Black Pepper,87,2
962,Kidney Beans,88,3
963,Carrots,88,4
964,Spring Onions,88,5
965,Thyme,88,1
966,Onion,88,2
967,Black Pepper,88,3
968,Red Pepper,88,4
969,Garlic Clove,88,5
970,Allspice,88,1
971,Beef,88,2
972,Water,88,3
973,Potatoes,88,4
974,Plain Flour,88,5
975,Water,88,1
976,Coconut Milk,88,2
977,Baby Aubergine,89,3
978,Fennel,89,4
979,Red Pepper,89,5
980,Courgettes,89,1
981,Onion,89,2
982,Paella Rice,89,3
983,Paprika,89,4
984,Saffron,89,5
985,White Wine,89,1
986,Vegetable Stock,89,2
987,Frozen Peas,89,3
988,Lemon,89,4
989,Parsley,89,5
990,Salt,89,1
991,Black Pepper,89,2
992,Chicken Legs,90,3
993,Onions,90,4
994,Carrots,90,5
995,Leek,90,1
996,Celery,90,2
997,Cabbage,90,3
998,Cloves,90,4
999,Allspice,90,5
1000,Bay Leaf,90,1
1001,Parsley,90,2
1002,Dill,90,3
1003,Pepper,90,4
1004,Salt,90,5
1005,Butter,91,1
1006,Egg Yolks,91,2
1007,Cream Cheese,91,3
1008,Baking Powder,91,4
1009,Flour,91,5
1011,Minced Beef,92,2
1012,Onion,92,3
1013,Eggs,92,4
1014,Chilli,92,5
1015,Baguette,92,1
1016,Salt,92,2
1017,Pepper,92,3
1018,Mayonnaise,92,4
1019,Fries,93,5
1020,Doner Meat,93,1
1021,Garlic sauce,93,2
1022,Hotsauce,93,3
1023,Lettuce,93,4
1024,Tomato,93,5
1025,Cucumber,93,1
1026,Gouda cheese,93,2
1027,Chicken,94,3
1028,Oil,94,4
1029,Egg White,94,5
1030,Flour,94,1
1031,Brown Sugar,94,2
1032,Salt,94,3
1033,paprika,94,4
1034,onion salt,94,5
1035,chili powder,94,1
1036,black pepper,94,2
1037,celery salt,94,3
1038,sage,94,4
1039,garlic powder,94,5
1040,allspice,94,1
1041,oregano,94,2
1042,basil,94,3
1043,marjoram,94,4
1044,chicken breast,95,5
1045,plain flour,95,1
1046,egg,95,2
1047,breadcrumbs,95,3
1048,vegetable oil,95,4
1049,sunflower oil,95,5
1050,onions,95,1
1051,garlic,95,2
1052,carrot,95,3
1053,plain flour,95,4
1054,curry powder,95,5
1055,chicken stock,95,1
1056,honey,95,2
1057,soy sauce,95,3
1058,bay leaf,95,4
1059,garam masala,95,5
1060,Digestive Biscuits,96,1
1061,Butter,96,2
1062,Condensed Milk,96,3
1063,Egg Yolks,96,4
1064,Lime,96,5
1065,Double Cream,96,1
1066,Icing Sugar,96,2
1067,Lime,96,3
1068,Vegetable Oil,97,4
1069,Onion,97,5
1070,Garlic,97,1
1071,Ginger,97,2
1072,Coriander,97,3
1073,Cumin,97,4
1074,Paprika,97,5
1075,Garam Masala,97,1
1076,Chopped Tomatoes,97,2
1077,Kidney Beans,97,3
1078,Basmati Rice,97,4
1079,Smoked Haddock,98,5
1080,Bay Leaves,98,1
1081,Milk,98,2
1082,Eggs,98,3
1083,Parsley,98,4
1084,Coriander,98,5
1085,Vegetable Oil,98,1
1086,Onion,98,2
1087,Coriander,98,3
1088,Curry Powder,98,4
1089,Rice,98,5
1090,Sake,99,1
1091,Soy Sauce,99,2
1092,Sesame Seed Oil,99,3
1093,Corn Flour,99,4
1094,Water,99,5
1095,Chicken,99,1
1096,Chilli Powder,99,2
1098,Brown Sugar,99,4
1099,Spring Onions,99,5
1100,Garlic Clove,99,1
1101,Water Chestnut,99,2
1102,Peanuts,99,3
1103,Prawns,100,4
1104,Soy Sauce,100,5
1105,Tomato Puree,100,1
1106,Corn Flour,100,2
1107,Caster Sugar,100,3
1108,Sunflower Oil,100,4
1109,Peanuts,100,5
1110,Chilli,100,1
1111,Brown Sugar,100,2
1112,Garlic Clove,100,3
1113,Water Chestnut,100,4
1114,Ginger,100,5
1115,Potatoes,101,1
1116,Olive Oil,101,2
1117,Green Pepper,101,3
1118,Onions,101,4
1119,Ras el hanout,101,5
1120,Pumpkin,101,1
1121,Eggs,101,2
1122,Salt,101,3
1123,Pepper,101,4
1124,Olive Oil,102,5
1125,Lamb,102,1
1126,Saffron,102,2
1127,Onion,102,3
1128,Water,102,4
1129,Parsley,102,5
1130,Butter,102,1
1131,Lemon,102,2
1132,Potatoes,103,3
1133,Butter,103,4
1134,Cheese,103,5
1135,Onion,103,1
1136,Red Pepper,103,2
1137,Red Chile Flakes,103,3
1138,Yeast,104,4
1139,Water,104,5
1140,Water,104,1
1141,Sugar,104,2
1142,Salt,104,3
1143,Eggs,104,4
1144,Shortening,104,5
1145,Flour,104,1
1146,Canola Oil,104,2
1147,Milk,104,3
1148,Sugar,104,4
1149,Vanilla,104,5
1150,Boiling Water,104,1
1151,Butter,104,2
1152,Brown Lentils,105,3
1153,Rice,105,4
1154,Coriander,105,5
1155,Macaroni,105,1
1156,Chickpeas,105,2
1157,Onion,105,3
1158,Salt,105,4
1159,Vegetable Oil,105,5
1160,Veal,106,1
1161,Flour,106,2
1162,Olive Oil,106,3
1163,Butter,106,4
1164,Onion,106,5
1165,Carrot,106,1
1166,Celery,106,2
1167,Fennel,106,3
1168,Garlic,106,4
1169,Orange Zest,106,5
1170,Marjoram,106,1
1171,Bay Leaf,106,2
1172,Dry White Wine,106,3
1173,Chicken Stock,106,4
1174,Tomatoes,106,5
1175,Parsley,106,1
1176,Garlic,106,2
1177,Lemon Zest,106,3
1178,Oxtail,107,4
1179,Onion,107,5
1180,Spring Onions,107,1
1181,Garlic,107,2
1182,Ginger,107,3
1183,Scotch Bonnet,107,4
1184,Soy Sauce,107,5
1185,Fresh Thyme,107,1
1186,Vegetable Oil,107,2
1187,Water,107,3
1188,Broad Beans,107,4
1189,Corn Flour,107,5
1190,Water,107,1
1191,rice stick noodles,108,2
1192,dark soy sauce,108,3
1193,oyster sauce,108,4
1194,soy sauce,108,5
1195,white vinegar,108,1
1196,sugar,108,2
1197,water,108,3
1198,peanut oil,108,4
1199,garlic,108,5
1200,Chicken,108,1
1202,Chinese broccoli,108,3
1203,Potatoes,109,4
1204,Onions,109,5
1205,Olive Oil,109,1
1206,Chicken Stock,109,2
1207,Creme Fraiche,109,3
1208,Parmesan,109,4
1209,Chicken Breasts,109,5
1210,Bacon,109,1
1211,Spinach,109,2
1212,Peas,109,3
1213,Vegetable Oil,110,4
1214,Beef Gravy,110,5
1215,Potatoes,110,1
1216,Cheese Curds,110,2
1217,Spaghetti,111,3
1218,Olive Oil,111,4
1219,Onion,111,5
1220,Garlic,111,1
1221,Red Chilli,111,2
1222,Tomato Puree,111,3
1223,Pilchards,111,4
1224,Black Olives,111,5
1225,Parmesan,111,1
1226,Goose Fat,112,2
1227,Pork,112,3
1228,Onion,112,4
1229,Garlic,112,5
1230,Carrots,112,1
1231,Fennel Seeds,112,2
1232,Red Wine Vinegar,112,3
1233,Vegetable Stock,112,4
1234,Tomato Puree,112,5
1235,Rosemary,112,1
1236,Parsley,112,2
1237,Haricot Beans,112,3
1238,Breadcrumbs,112,4
1239,Oil,112,5
1240,Bread,112,1
1241,Broccoli,112,2
1242,Flour,113,3
1243,Eggs,113,4
1244,Milk,113,5
1245,Sunflower Oil,113,1
1246,Sugar,113,2
1247,Raspberries,113,3
1248,Blueberries,113,4
1249,Pumpkin,114,5
1250,Shortcrust Pastry,114,1
1251,Plain Flour,114,2
1252,Caster Sugar,114,3
1253,Salt,114,4
1254,Nutmeg,114,5
1255,Cinnamon,114,1
1256,Eggs,114,2
1257,Butter,114,3
1258,Milk,114,4
1259,Icing Sugar,114,5
1260,Butter,115,1
1261,Peanut Cookies,115,2
1262,Gelatine Leafs,115,3
1263,Ricotta,115,4
1264,Peanut Butter,115,5
1265,Golden Syrup,115,1
1266,Milk,115,2
1267,Double Cream,115,3
1268,Light Brown Soft Sugar,115,4
1269,Peanut Brittle,115,5
1270,Corn Flour,116,1
1271,Orange,116,2
1272,Orange,116,3
1273,Caster Sugar,116,4
1274,Peaches,116,5
1275,Blueberries,116,1
1276,Self-raising Flour,116,2
1277,Butter,116,3
1278,Muscovado Sugar,116,4
1279,Cinnamon,116,5
1280,Milk,116,1
1281,Butter,117,2
1282,Egg,117,3
1283,Milk,117,4
1284,Golden Syrup,117,5
1285,Black Treacle,117,1
1286,Brown Sugar,117,2
1287,Oatmeal,117,3
1288,Self-raising Flour,117,4
1289,Ground Ginger,117,5
1290,Pears,118,1
1291,Caster Sugar,118,2
1292,Butter,118,3
1293,Star Anise,118,4
1294,Cardamom,118,5
1295,Cinnamon,118,1
1296,Brandy,118,2
1297,Puff Pastry,118,3
1298,Eggs,119,4
1299,Olive Oil,119,5
1300,Courgettes,119,1
1301,Spring Onions,119,2
1302,Red Pepper,119,3
1303,Garlic Clove,119,4
1304,Red Chilli,119,5
1305,Cream Cheese,119,1
1306,Milk,119,2
1307,Chives,119,3
1308,Basil,119,4
1309,Rocket,119,5
1310,Parmesan,119,1
1311,Tiger Prawns,120,2
1312,Olive Oil,120,3
1313,Onion,120,4
1314,Fennel,120,5
1315,Carrots,120,1
1316,Dry White Wine,120,2
1317,Brandy,120,3
1318,Chopped Tomatoes,120,4
1319,Fish Stock,120,5
1320,Paprika,120,1
1321,Double Cream,120,2
1322,Prawns,120,3
1323,Potatoes,121,4
1324,Butter,121,5
1325,Milk,121,1
1326,Minced Beef,121,2
1327,Onion,121,3
1328,Creamed Corn,121,4
1329,Paprika,121,5
1330,Parsley,121,1
1331,Salt,121,2
1332,Pepper,121,3
1333,Butter,122,4
1334,Sugar,122,5
1335,Eggs,122,1
1336,Vanilla Extract,122,2
1337,Flour,122,3
1338,Baking Powder,122,4
1339,Milk,122,5
1340,Maple Syrup,122,1
1341,Brown Sugar,122,2
1342,Single Cream,122,3
1343,Butter,122,4
1344,Peanut Butter,123,5
1345,Sugar,123,1
1346,Egg,123,2
1347,Water,124,3
1348,Sugar,124,4
1349,Yeast,124,5
1350,Plain Flour,124,1
1351,Salt,124,2
1352,Olive Oil,124,3
1353,Passata,124,4
1354,Mozzarella,124,5
1355,Oregano,124,1
1356,Basil,124,2
1357,Black Pepper,124,3
1358,Flour,125,4
1359,Salt,125,5
1360,Egg,125,1
1361,Egg,125,2
1362,Butter,125,3
1363,Butter,125,4
1364,Onion,125,5
1365,Swede,125,1
1366,Beef Brisket,125,2
1367,Eggs,125,3
1368,Salt,125,4
1369,Pepper,125,5
1370,Butter,126,1
1371,Chopped Onion,126,2
1372,Sauerkraut,126,3
1373,Butter,126,4
1374,Chopped Onion,126,5
1375,Potatoes,126,1
1376,Eggs,126,2
1377,Sour Cream,126,3
1378,Flour,126,4
1379,Salt,126,5
1380,Baking Powder,126,1
1381,Flour,127,2
1382,Eggs,127,3
1383,Milk,127,4
1384,Water,127,5
1385,Salt,127,1
1386,Sugar,127,2
1387,Butter,127,3
1388,Chicken,128,4
1389,Red Chilli,128,5
1390,Garlic,128,1
1391,Ginger,128,2
1392,Dried Oregano,128,3
1393,Coriander,128,4
1394,Paprika,128,5
1395,Red Wine Vinegar,128,1
1396,Oil,128,2
1397,Red Onions,128,3
1398,Carrots,128,4
1399,Beetroot,128,5
1400,Cabbage,128,1
1401,Mayonnaise,128,2
1402,Greek Yogurt,128,3
1403,Red Wine Vinegar,128,4
1404,Cumin Seeds,128,5
1405,Garlic,129,1
1406,Beef Fillet,129,2
1407,Olive Oil,129,3
1408,Vinegar,129,4
1409,Parsley,129,5
1410,Ciabatta,129,1
1411,Rocket,129,2
1412,Basil Leaves,129,3
1413,Parsley,129,4
1414,Jalapeno,129,5
1415,Vinegar,129,1
1416,Spring Onions,129,2
1417,Garlic,129,3
1418,Caster Sugar,129,4
1419,Pork,130,5
1420,White Wine,130,1
1421,Paprika,130,2
1422,Lemon,130,3
1423,Lemon Juice,130,4
1424,Olive Oil,130,5
1425,Mayonnaise,130,1
1426,Potatoes,130,2
1427,Vegetable Oil,130,3
1428,Onions,131,4
1429,Red Pepper,131,5
1430,Coriander,131,1
1431,Red Chilli,131,2
1432,Garlic,131,3
1433,Dry White Wine,131,4
1434,Saffron,131,5
1435,Bay Leaf,131,1
1436,Potatoes,131,2
1437,Plum Tomatoes,131,3
1438,Cod,131,4
1439,Squid,131,5
1440,Tiger Prawns,131,1
1441,Clams,131,2
1442,Mussels,131,3
1443,Baguette,131,4
1444,Plain Flour,132,5
1445,Icing Sugar,132,1
1446,Puff Pastry,132,2
1447,Caster Sugar,132,3
1448,Lemon Zest,132,4
1449,Cinnamon,132,5
1450,Eggs,132,1
1451,Egg Yolks,132,2
1452,Corn Flour,132,3
1453,Whole Milk,132,4
1454,Vanilla,132,5
1455,Cinnamon,132,1
1456,Butter,133,2
1457,Self-raising Flour,133,3
1458,Vanilla,133,4
1459,Suet,133,5
1460,Milk,133,1
1461,Raspberry Jam,133,2
1462,Custard,133,3
1463,Chicken Thighs,134,4
1464,Lime,134,5
1465,Spring Onions,134,1
1466,Ginger,134,2
1467,Garlic,134,3
1468,Onion,134,4
1469,Red Chilli,134,5
1470,Thyme,134,1
1471,Lime,134,2
1472,Soy Sauce,134,3
1473,Vegetable Oil,134,4
1474,Brown Sugar,134,5
1475,Allspice,134,1
1476,Basmati Rice,134,2
1477,Coconut Milk,134,3
1478,Spring Onions,134,4
1479,Thyme,134,5
1480,Garlic,134,1
1481,Allspice,134,2
1482,Kidney Beans,134,3
1483,Plain Flour,135,4
1484,Salt,135,5
1485,Curry Powder,135,1
1486,Butter,135,2
1487,Water,135,3
1488,Minced Beef,135,4
1489,Allspice,135,5
1490,Black Pepper,135,1
1491,Vegetable Oil,135,2
1492,Onions,135,3
1493,Red Pepper,135,4
1494,Garlic,135,5
1495,Thyme,135,1
1496,Salt,135,2
1497,Tomato Ketchup,135,3
1498,Water,135,4
1499,Onions,135,5
1500,Egg,135,1
1501,Water,135,2
1502,Water,135,3
1503,Sushi Rice,136,4
1504,Mirin,136,5
1505,Pickle Juice,136,1
1506,Spring Onions,136,2
1507,Vegetable Oil,137,3
1508,Onion,137,4
1509,Pork,137,5
1510,Vegetable Stock,137,1
1511,Soy Sauce,137,2
1512,Mirin,137,3
1513,Sugar,137,4
1514,Eggs,137,5
1515,Sushi Rice,137,1
1516,Chives,137,2
1517,Floury Potatoes,138,3
1518,Olive Oil,138,4
1519,Semi-skimmed Milk,138,5
1520,White Fish Fillets,138,1
1521,Plain flour,138,2
1522,Nutmeg,138,3
1523,Double Cream,138,4
1524,Jerusalem Artichokes,138,5
1525,Leek,138,1
1526,Prawns,138,2
1527,Parsley,138,3
1528,Dill,138,4
1529,Lemon,138,5
1530,Gruyère,138,1
1531,Lemon,138,2
1532,Olive Oil,139,3
1533,Onion,139,4
1534,Garlic,139,5
1535,Carrot,139,1
1536,French Lentils,139,2
1537,Thyme,139,3
1538,Bay Leaf,139,4
1539,Salt,139,5
1540,Celery,139,1
1541,Clotted Cream,140,2
1542,Butter,140,3
1543,Corn Flour,140,4
1544,Parmesan Cheese,140,5
1545,Nutmeg,140,1
1546,Fettuccine,140,2
1547,Parsley,140,3
1548,Sausages,141,4
1549,Bacon,141,5
1550,Mushrooms,141,1
1551,Tomatoes,141,2
1552,Black Pudding,141,3
1553,Eggs,141,4
1554,Bread,141,5
1555,Baked Beans,141,1
1556,Butter,142,2
1557,Olive Oil,142,3
1558,Onion,142,4
1559,Sugar,142,5
1560,Garlic Clove,142,1
1561,Plain Flour,142,2
1562,Dry White Wine,142,3
1563,Beef Stock,142,4
1564,Bread,142,5
1565,Gruyère,142,1
1566,Butter,143,2
1567,Leek,143,3
1568,Salt,143,4
1569,Creme Fraiche,143,5
1570,Egg,143,1
1571,Egg Yolks,143,2
1572,Nutmeg,143,3
1573,Plain Flour,143,4
1574,Salt,143,5
1575,Butter,143,1
1576,Lard,143,2
1577,Cheddar Cheese,143,3
1578,Water,143,4
1579,Eggs,144,5
1580,Butter,144,1
1581,Parmesan,144,2
1582,Tarragon,144,3
1583,Parsley,144,4
1584,Chives,144,5
1585,Gruyère,144,1
1586,Prawns,145,2
1587,Olive Oil,145,3
1588,Dry White Wine,145,4
1589,Fish Stock,145,5
1590,Fennel,145,1
1591,Onion,145,2
1592,Garlic,145,3
1593,Potatoes,145,4
1594,Orange,145,5
1595,Star Anise,145,1
1596,Bay Leaf,145,2
1597,Harissa Spice,145,3
1598,Tomato Puree,145,4
1599,Chopped Tomatoes,145,5
1600,Mussels,145,1
1601,White Fish,145,2
1602,Thyme,145,3
1603,Bread,145,4
1604,Potatoes,146,5
1605,Fennel,146,1
1606,Garlic,146,2
1607,Milk,146,3
1608,Double Cream,146,4
1609,Butter,146,5
1610,Parmesan Cheese,146,1
1611,Cream Cheese,147,2
1612,Sugar,147,3
1613,Vanilla Extract,147,4
1614,Flour,147,5
1615,Puff Pastry,147,1
1616,Strawberries,147,2
1617,Raspberries,147,3
1618,Blackberries,147,4
1619,Chicken Breasts,148,5
1620,Carrots,148,1
1621,Small Potatoes,148,2
1622,Onion,148,3
1623,Beef Stock,148,4
1624,Mozzarella,148,5
1625,Sour Cream,148,1
1626,Butter,148,2
1627,Sugar,148,3
1628,Vegetable Oil,148,4
1629,Salt,148,5
1630,Pepper,148,1
1631,Broad Beans,149,2
1632,Parsley,149,3
1633,Olive Oil,149,4
1634,Lemons,149,5
1635,Garlic Clove,149,1
1636,Cumin,149,2
1637,Flour,150,3
1638,Water,150,4
1639,Salt,150,5
1640,Unsalted Butter,150,1
1641,Olive Oil,150,2
1642,Haddock,151,3
1643,Potatoes,151,4
1644,Green Chilli,151,5
1645,Coriander,151,1
1646,Cumin Seeds,151,2
1647,Pepper,151,3
1648,Garlic,151,4
1649,Ginger,151,5
1650,Flour,151,1
1651,Eggs,151,2
1652,Breadcrumbs,151,3
1653,Vegetable Oil,151,4
1654,Sardines,152,5
1655,Vegetable Oil,152,1
1656,Flour,152,2
1657,Salt,152,3
1658,Fettuccine,153,4
1659,Heavy Cream,153,5
1660,Butter,153,1
1661,Parmesan,153,2
1662,Parsley,153,3
1663,Black Pepper,153,4
1664,Plain chocolate,154,5
1665,Butter,154,1
1666,Milk,154,2
1667,Eggs,154,3
1668,Granulated Sugar,154,4
1669,Flour,154,5
1670,Enchilada sauce,155,1
1671,shredded Monterey Jack cheese,155,2
1672,corn tortillas,155,3
1673,chicken breasts,155,4
1674,Flour,156,5
1675,Butter,156,1
1676,Egg,156,2
1677,Salt,156,3
1678,Cheese,156,4
1679,Milk,156,5
1680,Eggs,156,1
1681,Parmesan Cheese,156,2
1682,Plum tomatoes,156,3
1683,White Vinegar,156,4
1684,Honey,156,5
1685,Basil,156,1
1686,salted butter,157,2
1687,dark soft brown sugar,157,3
1688,golden syrup,157,4
1689,orange,157,5
1690,rolled oats,157,1
1691,Christmas pudding,157,2
1692,Chicken,158,3
1693,Onion,158,4
1694,Tomatoes,158,5
1695,Garlic,158,1
1696,Ginger paste,158,2
1697,Vegetable oil,158,3
1698,Cumin seeds,158,4
1699,Coriander seeds,158,5
1700,Turmeric powder,158,1
1701,Chilli powder,158,2
1702,Green chilli,158,3
1703,Yogurt,158,4
1704,Cream,158,5
1705,fenugreek,158,1
1706,Garam masala,158,2
1707,Salt,158,3
1708,Butter,159,4
1709,Olive Oil,159,5
1710,Chicken,159,1
1711,Salt,159,2
1712,Squash,159,3
1713,Broccoli,159,4
1714,mushrooms,159,5
1715,Pepper,159,1
1716,onion,159,2
1717,garlic,159,3
1718,red pepper flakes,159,4
1719,white wine,159,5
1720,milk,159,1
1721,heavy cream,159,2
1722,Parmesan cheese,159,3
1723,bowtie pasta,159,4
1724,Salt,159,5
1725,Pepper,159,1
1726,Parsley,159,2
1727,macaroni,160,3
1728,chicken stock,160,4
1729,heavy cream,160,5
1730,fajita seasoning,160,1
1731,salt,160,2
1732,chicken breast,160,3
1733,olive oil,160,4
1734,onion,160,5
1735,red pepper,160,1
1736,garlic,160,2
1737,cheddar cheese,160,3
1738,parsley,160,4
1739,cajun,161,5
1740,cayenne pepper,161,1
1741,white fish,161,2
1742,vegetable oil,161,3
1743,flour tortilla,161,4
1744,avocado,161,5
1745,little gem lettuce,161,1
1746,spring onion,161,2
1747,salsa,161,3
1748,sour cream,161,4
1749,lemon,161,5
1750,garlic,161,1
1751,Chicken Breasts,162,2
1752,Vinaigrette Dressing,162,3
1753,Cumin,162,4
1754,Smoked Paprika,162,5
1755,Garlic,162,1
1756,Refried Beans,162,2
1757,Hard Taco Shells,162,3
1758,Shredded Mexican Cheese,162,4
1759,Grape Tomatoes,162,5
1760,Jalapeno,162,1
1761,Avocado,162,2
1762,Green Salsa,162,3
1763,Sour Cream,162,4
1764,Milk,162,5
1765,Chicken thigh,163,1
1766,Ginger,163,2
1767,Garlic,163,3
1768,Soy sauce,163,4
1769,Sake,163,5
1770,Granulated sugar,163,1
1771,Potato starch,163,2
1772,Vegetable oil,163,3
1773,Lemon,163,4
1774,Olive Oil,164,5
1775,Bacon,164,1
1776,Shallots,164,2
1777,Chicken Legs,164,3
1778,Chicken Thighs,164,4
1779,Chicken Breasts,164,5
1780,Garlic,164,1
1781,Brandy,164,2
1782,Red Wine,164,3
1783,Chicken Stock,164,4
1784,tomato puree,164,5
1785,thyme,164,1
1786,Rosemary,164,2
1787,bay leaves,164,3
1788,parsley,164,4
1789,chestnut mushroom,164,5
1790,plain flour,164,1
1791,butter,164,2
1792,Linguine Pasta,165,3
1793,Sugar Snap Peas,165,4
1794,Olive Oil,165,5
1795,Garlic Clove,165,1
1796,Red Chilli,165,2
1797,King Prawns,165,3
1798,Cherry Tomatoes,165,4
1799,Basil Leaves,165,5
1800,Lettuce,165,1
1801,Bread,165,2
1802,Fromage Frais,165,3
1803,Lime,165,4
1804,Caster Sugar,165,5
1805,Clams,166,1
1806,Butter,166,2
1807,Bacon,166,3
1808,Onion,166,4
1809,Thyme,166,5
1810,Bay Leaf,166,1
1811,Plain Flour,166,2
1812,Milk,166,3
1813,Double Cream,166,4
1814,Potatoes,166,5
1815,Parsley,166,1
1816,Olive Oil,167,2
1817,Onions,167,3
1818,Celery,167,4
1819,Carrots,167,5
1820,Potatoes,167,1
1821,Bay Leaf,167,2
1822,Tomato Puree,167,3
1823,Sugar,167,4
1824,White Vinegar,167,5
1825,Chopped Tomatoes,167,1
1826,Passata,167,2
1827,Vegetable Stock Cube,167,3
1828,Whole Milk,167,4
1829,Butter,168,5
1830,Onion,168,1
1831,Mushrooms,168,2
1832,Plain Flour,168,3
1833,Chicken Stock Cube,168,4
1834,Nutmeg,168,5
1835,Mustard Powder,168,1
1836,Chicken,168,2
1837,Sweetcorn,168,3
1838,Potatoes,168,4
1839,Butter,168,5
1840,Olive Oil,169,1
1841,Onion,169,2
1842,Chicken Breast,169,3
1843,Ginger,169,4
1844,Harissa Spice,169,5
1845,Dried Apricots,169,1
1846,Chickpeas,169,2
1847,Couscous,169,3
1848,Chicken Stock,169,4
1849,Coriander,169,5
1850,Banana,170,1
1851,Cacao,170,2
1852,Avocado,170,3
1853,Honey,170,4
1854,Lemon Juice,170,5
1855,Vanilla,170,1
1856,Water,170,2
1857,Sea Salt,170,3
1858,Plain Flour,171,4
1859,Butter,171,5
1860,Cream Cheese,171,1
1861,Icing Sugar,171,2
1862,Butter,171,3
1863,Maple Syrup,171,4
1864,Light Brown Soft Sugar,171,5
1865,Dark Brown Soft Sugar,171,1
1866,Eggs,171,2
1867,Vanilla Extract,171,3
1868,Pecan Nuts,171,4
1869,Dark Chocolate Chips,171,5
1870,Dark Chocolate,172,1
1871,Milk Chocolate,172,2
1872,Salted Butter,172,3
1873,Light Brown Soft Sugar,172,4
1874,Eggs,172,5
1875,Plain Flour,172,1
1876,Cocoa,172,2
1877,Raspberries,172,3
1878,Chickpeas,173,4
1879,Olive Oil,173,5
1880,Paprika,173,1
1881,Tomatoes,173,2
1882,Red Onions,173,3
1883,Red Wine Vinegar,173,4
1884,Avocado,173,5
1885,Lime,173,1
1886,Lime,173,2
1887,Sour Cream,173,3
1888,Harissa Spice,173,4
1889,Corn Tortillas,173,5
1890,Coriander,173,1
1891,Chicken Stock,174,2
1892,Chicken Breast,174,3
1893,Butter,174,4
1894,Leek,174,5
1895,Garlic,174,1
1896,Plain Flour,174,2
1897,Milk,174,3
1898,White Wine,174,4
1899,Double Cream,174,5
1900,Ham,174,1
1901,Sea Salt,174,2
1902,Pepper,174,3
1903,Plain Flour,174,4
1904,Butter,174,5
1905,"Free-range Egg, Beaten",174,1
1906,Cold Water,174,2
1907,"Free-range Egg, Beaten",174,3
1908,Potatoes,175,4
1909,Butter,175,5
1910,Double Cream,175,1
1911,Egg Yolks,175,2
1912,Butter,175,3
1913,Shallots,175,4
1914,Carrots,175,5
1915,Celery,175,1
1916,Garlic Clove,175,2
1917,White Wine,175,3
1918,Tomato Puree,175,4
1919,Tinned Tomatos,175,5
1920,Chicken Stock,175,1
1921,Chicken,175,2
1922,Black Olives,175,3
1923,Parsley,175,4
1924,Gruyere cheese,175,5
1925,Vegetable Oil,176,1
1926,Plain Flour,176,2
1927,Bicarbonate Of Soda,176,3
1928,Sugar,176,4
1929,Eggs,176,5
1930,Salt,176,1
1931,Cinnamon,176,2
1932,Carrots,176,3
1933,Walnuts,176,4
1934,Cream Cheese,176,5
1935,Caster Sugar,176,1
1936,Butter,176,2
1937,White Flour,177,3
1938,Salt,177,4
1939,Yeast,177,5
1940,Milk,177,1
1941,Butter,177,2
1942,Eggs,177,3
1943,Vegetable Oil,177,4
1944,Butter,177,5
1945,Brown Sugar,177,1
1946,Cinnamon,177,2
1947,Dried Fruit,177,3
1948,Milk,177,4
1949,Caster Sugar,177,5
1950,Single Cream,178,1
1951,Caster Sugar,178,2
1952,Dark Chocolate,178,3
1953,Butter,178,4
1954,Butter,178,5
1955,Caster Sugar,178,1
1956,Dark Chocolate,178,2
1957,Double Cream,178,3
1958,Egg Yolks,178,4
1959,Egg White,178,5
1960,Double Cream,178,1
1961,Icing Sugar,178,2
1962,Puff Pastry,179,3
1963,Dark Brown Soft Sugar,179,4
1964,Braeburn Apples,179,5
1965,Red Wine Jelly,179,1
1966,Creme Fraiche,179,2
1967,Icing Sugar,179,3
1968,Cardamom,179,4
1969,Olive Oil,180,5
1970,Mushrooms,180,1
1971,Chicken Legs,180,2
1972,Passata,180,3
1973,Chicken Stock Cube,180,4
1974,Black Olives,180,5
1975,Parsley,180,1
1976,Shortcrust Pastry,181,2
1977,Eggs,181,3
1978,Muscovado Sugar,181,4
1979,Raisins,181,5
1980,Vanilla Extract,181,1
1981,Butter,181,2
1982,Single Cream,181,3
1983,Walnuts,181,4
1984,Chicken,182,5
1985,Butter,182,1
1986,Olive Oil,182,2
1987,Red Onions,182,3
1988,Red Pepper,182,4
1989,Chorizo,182,5
1990,Sun-Dried Tomatoes,182,1
1991,Garlic,182,2
1992,Basmati Rice,182,3
1993,Tomato Puree,182,4
1994,Paprika,182,5
1995,Bay Leaves,182,1
1996,Thyme,182,2
1997,Chicken Stock,182,3
1998,Dry White Wine,182,4
1999,Lemons,182,5
2000,Black Olives,182,1
2001,Salt,182,2
2002,Pepper,182,3
2003,Kale,183,4
2004,Bacon,183,5
2005,Garlic,183,1
2006,Onion,183,2
2007,Paprika,183,3
2008,Thyme,183,4
2009,Tomato,183,5
2010,Red Pepper,183,1
2011,Banana,183,2
2012,Vegetable Oil,183,3
2013,Chicken,184,4
2014,Salt,184,5
2015,Pepper,184,1
2016,Ginger Cordial,184,2
2017,Ginger,184,3
2018,Spring Onions,184,4
2019,Rice,184,5
2020,Water,184,1
2021,Coriander,184,2
2022,Mars Bar,185,3
2023,Butter,185,4
2024,Rice Krispies,185,5
2025,Milk Chocolate,185,1
2026,Tomatoes,186,2
2027,Olive Oil,186,3
2028,Onion,186,4
2029,Red Pepper,186,5
2030,Green Pepper,186,1
2031,Garlic,186,2
2032,Cumin,186,3
2033,Paprika,186,4
2034,Salt,186,5
2035,Chili Powder,186,1
2036,Eggs,186,2
2037,Cashew Nuts,187,3
2038,Icing Sugar,187,4
2039,Egg Yolks,187,5
2040,Orange Blossom Water,187,1
2041,Icing Sugar,187,2
2042,Almonds,187,3
2043,Lentils,188,4
2044,Onion,188,5
2045,Carrots,188,1
2046,Tomato Puree,188,2
2047,Cumin,188,3
2048,Paprika,188,4
2049,Mint,188,5
2050,Thyme,188,1
2051,Black Pepper,188,2
2052,Red Pepper Flakes,188,3
2053,Vegetable Stock,188,4
2054,Water,188,5
2055,Sea Salt,188,1
2056,Orange,189,2
2057,Demerara Sugar,189,3
2058,Grand Marnier,189,4
2059,Christmas Pudding,189,5
2060,Custard,189,1
2061,Mascarpone,189,2
2062,Double Cream,189,3
2063,Flaked Almonds,189,4
2064,Dark Chocolate,189,5
2065,Almonds,190,1
2066,Bramley Apples,190,2
2067,Candied Peel,190,3
2068,Nutmeg,190,4
2069,Raisins,190,5
2070,Plain Flour,190,1
2071,Breadcrumbs,190,2
2072,Muscovado Sugar,190,3
2073,Eggs,190,4
2074,Brandy,190,5
2075,Butter,190,1
2076,Butter,191,2
2077,Muscovado Sugar,191,3
2078,Plain Flour,191,4
2079,Eggs,191,5
2080,Ground Almonds,191,1
2081,Sherry,191,2
2082,Candied Peel,191,3
2083,Glace Cherry,191,4
2084,Raisins,191,5
2085,Currants,191,1
2086,Pecan Nuts,191,2
2087,Lemon,191,3
2088,Mixed Spice,191,4
2089,Rose water,191,5
2090,Vanilla Extract,191,1
2091,Baking Powder,191,2
2092,Beef Brisket,192,3
2093,Small Potatoes,192,4
2094,Carrots,192,5
2095,Cabbage,192,1
2096,Kale,193,2
2097,Italian Fennel Sausages,193,3
2098,Cabbage,193,4
2099,Garlic Clove,193,5
2100,Onion,193,1
2101,Shiitake Mushrooms,193,2
2102,Chicken Stock,193,3
2103,Salt,193,4
2104,Pepper,193,5
2105,Quinoa,194,1
2106,Butter,194,2
2107,Red Chilli,194,3
2108,Garlic,194,4
2109,Chicken Breast,194,5
2110,Olive Oil,194,1
2111,Black Olives,194,2
2112,Red Onions,194,3
2113,Feta,194,4
2114,Mint,194,5
2115,Lemon,194,1
2116,Chicken Breast,195,2
2117,Pickle Juice,195,3
2119,Milk,195,5
2120,Flour,195,1
2121,Icing Sugar,195,2
2122,Paprika,195,3
2123,Salt,195,4
2124,Black Pepper,195,5
2125,Garlic Powder,195,1
2126,Celery Salt,195,2
2127,Cayenne Pepper,195,3
2128,Olive Oil,195,4
2129,Sesame Seed Burger Buns,195,5
2130,Butter,196,1
2131,Pork Chops,196,2
2132,Bacon,196,3
2133,Potatoes,196,4
2134,Carrots,196,5
2135,Swede,196,1
2136,Cabbage,196,2
2137,Bay Leaf,196,3
2138,Cider,196,4
2139,Chicken Stock,196,5
2140,Minced Beef,197,1
2141,Minced Pork,197,2
2142,Onion,197,3
2143,Garlic,197,4
2144,Parsley,197,5
2145,Paprika,197,1
2146,Baking Powder,197,2
2147,Breadcrumbs,197,3
2148,Water,197,4
2149,Vegetable Stock Cube,197,5
2150,Salt,197,1
2151,Pepper,197,2
2152,Potatoes,198,3
2153,Courgettes,198,4
2154,Carrots,198,5
2155,Green Pepper,198,1
2156,Aubergine,198,2
2157,Onion,198,3
2158,Lamb Shoulder,198,4
2159,Garlic Sauce,198,5
2160,Tomato Puree,198,1
2161,Olive Oil,198,2
2162,Thyme,198,3
2163,White Wine,198,4
2164,Pepper,198,5
2165,Cannellini Beans,199,1
2166,Vegetable Oil,199,2
2167,Tomatoes,199,3
2168,Challots,199,4
2169,Garlic,199,5
2170,Parsley,199,1
2171,Chorizo,199,2
2172,Beef Brisket,200,3
2173,Bread,200,4
2174,Lettuce,200,5
2175,Tomato,200,1
2176,Ham,200,2
2177,Mozzarella,200,3
2178,Bacon,200,4
2179,Egg,200,5
2180,Onion,200,1
2181,Pepper,200,2
2182,Red Chilli,201,3
2183,Ginger,201,4
2184,Garlic,201,5
2185,Coriander,201,1
2186,Sunflower Oil,201,2
2187,Chicken Breasts,201,3
2188,Peanut Butter,201,4
2189,Chicken Stock,201,5
2190,Greek Yogurt,201,1
2191,Butter,202,2
2192,Sour Cream,202,3
2193,Sugar,202,4
2194,Cream Cheese,202,5
2195,Caster Sugar,202,1
2196,Plain Flour,202,2
2197,Lemon Juice,202,3
2198,Eggs,202,4
2199,Sour Cream,202,5
2200,Sour Cream,202,1
2201,Caster Sugar,202,2
2202,Lemon Juice,202,3
2203,Custard,203,4
2204,Caster Sugar,203,5
2205,Cocoa,203,1
2206,Egg,203,2
2207,Digestive Biscuits,203,3
2208,Desiccated Coconut,203,4
2209,Almonds,203,5
2210,Butter,203,1
2211,Double Cream,203,2
2212,Custard Powder,203,3
2213,Icing Sugar,203,4
2214,Dark Chocolate,203,5
2215,Butter,203,1
2216,Coconut Milk,204,2
2217,Water,204,3
2218,Ginger Paste,204,4
2219,Ginger,204,5
2220,Bay Leaf,204,1
2221,Rice,204,2
2222,Eggs,204,3
2223,Cucumber,204,4
2224,Peanuts,204,5
2225,Anchovy Fillet,204,1
2226,Vegetable Oil,204,2
2227,Onion,204,3
2228,Garlic,204,4
2229,Shallots,204,5
2230,Chilli Powder,204,1
2231,Anchovy Fillet,204,2
2232,Sugar,204,3
2233,Tamarind Paste,204,4
2234,onions,205,5
2235,olive oil,205,1
2236,garlic,205,2
2237,lean minced beef,205,3
2238,mushrooms,205,4
2239,dried oregano,205,5
2240,tomatoes,205,1
2241,hot beef stock,205,2
2242,tomato puree,205,3
2243,worcestershire sauce,205,4
2244,spaghetti,205,5
2245,parmesan,205,1
2246,penne rigate,206,2
2247,olive oil,206,3
2248,garlic,206,4
2249,chopped tomatoes,206,5
2250,red chile flakes,206,1
2251,italian seasoning,206,2
2252,basil,206,3
2253,Parmigiano-Reggiano,206,4
2254,Olive Oil,207,5
2255,Onion,207,1
2256,Leek,207,2
2257,Garlic,207,3
2258,Cumin,207,4
2259,Coriander,207,5
2260,Smoked Paprika,207,1
2261,Cinnamon,207,2
2262,Chili Powder,207,3
2263,Cocoa,207,4
2264,Dried Oregano,207,5
2265,Diced Tomatoes,207,1
2266,Water,207,2
2267,Carrots,207,3
2268,Brown Lentils,207,4
2269,Sea Salt,207,5
2270,Squash,207,1
2271,Cashews,207,2
2272,Apple Cider Vinegar,207,3
2273,Medjool dates,208,4
2274,water,208,5
2275,vanilla extract,208,1
2276,self-raising flour,208,2
2277,bicarbonate of soda,208,3
2278,eggs,208,4
2279,butter,208,5
2280,demerara sugar,208,1
2281,black treacle,208,2
2282,milk,208,3
2283,ice cream,208,4
2284,muscovado sugar,208,5
2285,butter,208,1
2286,double cream,208,2
2287,black treacle,208,3
2288,Small Potatoes,209,4
2289,Harissa Spice,209,5
2290,olive oil,209,1
2291,Lemon,209,2
2292,Spring onions,209,3
2293,Rocket,209,4
2294,Feta,209,5
2295,Mint,209,1
2296,Pine nuts,209,2
2297,Salt,209,3
2298,Pepper,209,4
2299,Olive Oil,210,5
2300,Egg Plants,210,1
2301,Harissa,210,2
2302,Chickpeas,210,3
2303,Cherry Tomatoes,210,4
2304,Greek yogurt,210,5
2305,Ground cumin,210,1
2306,Parsley,210,2
2307,butter,211,3
2308,onion,211,4
2309,rice,211,5
2310,white wine,211,1
2311,vegetable stock,211,2
2312,lemon,211,3
2313,King Prawns,211,4
2314,salmon,211,5
2315,asparagus,211,1
2316,black pepper,211,2
2317,Parmesan,211,3
2318,Digestive Biscuits,212,4
2319,Pretzels,212,5
2320,Butter,212,1
2321,Cream Cheese,212,2
2322,Vanilla Extract,212,3
2323,Icing Sugar,212,4
2324,Caramel,212,5
2325,Sea Salt,212,1
2326,Double Cream,212,2
2327,Caramel Sauce,212,3
2328,Toffee Popcorn,212,4
2329,Pretzels,212,5
2330,Mussels,213,1
2331,Prawns,213,2
2332,Saffron,213,3
2333,Vermicelli,213,4
2334,Olive Oil,213,5
2335,Onions,213,1
2336,Garlic,213,2
2337,Paprika,213,3
2338,Monkfish,213,4
2339,Baby Squid,213,5
2340,Fish Stock,213,1
2341,Tomatoes,213,2
2342,Lemon,213,3
2343,Parsley,213,4
2344,Olive Oil,214,5
2345,Garlic,214,1
2346,Caster Sugar,214,2
2347,Red Wine Vinegar,214,3
2348,Chopped Tomatoes,214,4
2349,Basil Leaves,214,5
2350,Mascarpone,214,1
2351,Milk,214,2
2352,Parmesan,214,3
2353,Mozzarella,214,4
2354,Spinach,214,5
2355,Parmesan,214,1
2356,Ricotta,214,2
2357,Nutmeg,214,3
2358,Cannellini Beans,214,4
2359,Butternut Squash,215,5
2360,Garlic,215,1
2361,Olive Oil,215,2
2362,Linguine Pasta,215,3
2363,Sage,215,4
2364,Onion,216,5
2365,Olive Oil,216,1
2366,Butter,216,2
2367,Potatoes,216,3
2368,Garlic,216,4
2369,Eggs,216,5
2370,Parsley,216,1
2371,Baguette,216,2
2372,Vine Tomatoes,216,3
2373,Olive Oil,216,4
2374,Puff Pastry,217,5
2375,Egg White,217,1
2376,Egg Yolks,217,2
2377,Vegetable Oil,217,3
2378,Beef,217,4
2379,Lamb Kidney,217,5
2380,Onions,217,1
2381,Plain Flour,217,2
2382,Beef Stock,217,3
2383,Salt,217,4
2384,Pepper,217,5
2385,Worcestershire Sauce,217,1
2386,Butter,218,2
2387,Muscovado Sugar,218,3
2388,Eggs,218,4
2389,Self-raising Flour,218,5
2390,Baking Powder,218,1
2391,Bicarbonate Of Soda,218,2
2392,Black Treacle,218,3
2393,Milk,218,4
2394,Double Cream,218,5
2395,Butter,218,1
2396,Muscovado Sugar,218,2
2397,Black Treacle,218,3
2398,Double Cream,218,4
2399,Vanilla Extract,218,5
2400,Self-raising Flour,219,1
2401,Salt,219,2
2402,Suet,219,3
2403,Currants,219,4
2404,Caster Sugar,219,5
2405,Lemon,219,1
2406,Orange,219,2
2407,Milk,219,3
2408,Custard,219,4
2409,Strawberries,220,5
2410,Blackberries,220,1
2411,Redcurrants,220,2
2412,Raspberries,220,3
2413,Caster Sugar,220,4
2414,Bread,220,5
2415,Rapeseed Oil,221,1
2416,Leek,221,2
2417,Courgettes,221,3
2418,Vegetable Stock,221,4
2419,Cannellini Beans,221,5
2420,Green Beans,221,1
2421,Tomatoes,221,2
2422,Garlic Clove,221,3
2423,Basil,221,4
2424,Parmesan,221,5
2425,Ham,222,1
2426,Peas,222,2
2427,Onions,222,3
2428,Carrots,222,4
2429,Bay Leaves,222,5
2430,Celery,222,1
2431,Frozen Peas,222,2
2432,Bread,222,3
2433,Brown Sugar,223,4
2434,Butter,223,5
2435,Eggs,223,1
2436,Vanilla Extract,223,2
2437,Salt,223,3
2438,Plain Flour,223,4
2439,Milk,223,5
2440,Canola Oil,224,1
2441,Beef Fillet,224,2
2442,Beef Stock,224,3
2443,Butter,224,4
2444,Garlic,224,5
2445,Challots,224,1
2446,Mushrooms,224,2
2447,Brandy,224,3
2448,Heavy Cream,224,4
2449,Dijon Mustard,224,5
2450,Worcestershire Sauce,224,1
2451,Tabasco Sauce,224,2
2452,Parsley,224,3
2453,Chives,224,4
2454,Salt,224,5
2455,Pepper,224,1
2456,Salt Cod,225,2
2457,Ackee,225,3
2458,Onion,225,4
2459,Paprika,225,5
2460,Curry Powder,225,1
2461,Jerusalem Artichokes,225,2
2462,Hotsauce,225,3
2463,Red Pepper,225,4
2464,Yellow Pepper,225,5
2465,Tomatoes,225,1
2466,Salt,225,2
2467,Pepper,225,3
2468,Self-raising Flour,225,4
2469,Suet,225,5
2470,Salt,225,1
2471,Olive Oil,225,2
2472,Pork,226,3
2473,Egg,226,4
2474,Water,226,5
2475,Salt,226,1
2476,Sugar,226,2
2477,Soy Sauce,226,3
2478,Starch,226,4
2479,Tomato Puree,226,5
2480,Vinegar,226,1
2481,Coriander,226,2
2482,Beef,227,3
2483,Salt,227,4
2484,Sesame Seed Oil,227,5
2485,Pepper,227,1
2486,Egg White,227,2
2487,Starch,227,3
2488,Oil,227,4
2489,Ginger,227,5
2490,Garlic,227,1
2491,Onion,227,2
2492,Carrots,227,3
2493,Green Pepper,227,4
2494,Celery,227,5
2495,Mushrooms,227,1
2496,Cooking wine,227,2
2497,Water,227,3
2498,Oyster Sauce,227,4
2499,Hotsauce,227,5
2500,Sugar,227,1
2501,Soy Sauce,227,2
2502,Rice Stick Noodles,228,3
2503,Prawns,228,4
2504,Egg,228,5
2505,Pepper,228,1
2506,Sesame Seed Oil,228,2
2507,Cornstarch,228,3
2508,Oil,228,4
2509,Minced Garlic,228,5
2510,Ginger,228,1
2511,Onion,228,2
2512,Bean Sprouts,228,3
2513,Spring Onions,228,4
2514,Cooking wine,228,5
2515,Oyster Sauce,228,1
2516,Sugar,228,2
2517,Vinegar,228,3
2518,Soy Sauce,228,4
2519,Salmon,229,5
2520,Avocado,229,1
2521,Cucumber,229,2
2522,Spinach,229,3
2523,Mint,229,4
2524,Lime,229,5
2525,Honey,229,1
2526,Olive Oil,229,2
2527,Eggs,230,3
2528,White Wine Vinegar,230,4
2529,English Muffins,230,5
2530,Butter,230,1
2531,Smoked Salmon,230,2
2532,Lemon Juice,230,3
2533,White Wine Vinegar,230,4
2534,Egg,230,5
2535,Unsalted Butter,230,1
2536,Olive Oil,231,2
2537,Red Onions,231,3
2538,Red Chilli,231,4
2539,Garlic,231,5
2540,Coriander,231,1
2541,Cherry Tomatoes,231,2
2542,Caster Sugar,231,3
2543,Eggs,231,4
2544,Feta,231,5
2545,Butter,232,1
2546,Onion,232,2
2547,Cardamom,232,3
2548,Turmeric,232,4
2549,Cinnamon Stick,232,5
2550,Bay Leaf,232,1
2551,Basmati Rice,232,2
2552,Chicken Stock,232,3
2553,Smoked Haddock,232,4
2554,Eggs,232,5
2555,Parsley,232,1
2556,Lemon,232,2
2557,Potatoes,233,3
2558,Bay Leaf,233,4
2559,Shallots,233,5
2560,Butter,233,1
2561,Kale,233,2
2562,Sausages,233,3
2563,Milk,233,4
2564,Nutmeg,233,5
2565,Salt,233,1
2566,Pepper,233,2
2567,Water,234,3
2568,Peas,234,4
2569,Pork,234,5
2570,Vegetable Stock Cube,234,1
2571,Celery,234,2
2572,Carrots,234,3
2573,Potatoes,234,4
2574,Onion,234,5
2575,Leek,234,1
2576,Celeriac,234,2
2577,Sausages,234,3
2578,Spaghetti,235,4
2579,Egg Yolks,235,5
2580,Salt,235,1
2581,Bacon,235,2
2582,Pecorino,235,3
2583,Black Pepper,235,4
2584,Potatoes,236,5
2585,Carrots,236,1
2586,Scallions,236,2
2587,Garlic,236,3
2588,Bread,236,4
2589,Garlic Powder,236,5
2590,Soy Sauce,236,1
2591,Ground Beef,236,2
2592,Vegetable Oil,236,3
2593,Sugar,236,4
2594,Butter,236,5
2595,Potatoes,237,1
2596,Apples,237,2
2597,Garlic,237,3
2598,Lemon,237,4
2599,Pork,237,5
2600,Zucchini,237,1
2601,Chicken Stock,237,2
2602,Vegetable Oil,237,3
2603,Sugar,237,4
2604,Butter,237,5
2605,Flour,238,1
2606,Salt,238,2
2607,Sugar,238,3
2608,Butter,238,4
2609,Water,238,5
2610,Rhubarb,238,1
2611,Strawberries,238,2
2612,Cornstarch,238,3
2613,Sugar,238,4
2614,Cinnamon,238,5
2615,Lemon Juice,238,1
2616,Unsalted Butter,238,2
2617,Milk,238,3
2618,Sugar,238,4
2619,Tomatoes,239,5
2620,Sugar,239,1
2621,Olive Oil,239,2
2622,Onion,239,3
2623,Garlic Clove,239,4
2624,Lamb,239,5
2625,Cinnamon,239,1
2626,Tomato Puree,239,2
2627,Rice,239,3
2628,Chicken Stock,239,4
2629,Dill,239,5
2630,Chopped Parsley,239,1
2631,Mint,239,2
2632,Herring,240,3
2633,Onion,240,4
2634,Olive Oil,240,5
2635,Allspice,240,1
2636,Pepper,240,2
2637,Bay Leaf,240,3
2638,Chicken Thighs,241,4
2639,Coriander,241,5
2640,Cumin,241,1
2641,Cardamom,241,2
2642,Cayenne Pepper,241,3
2643,Paprika,241,4
2644,Lemon Juice,241,5
2645,Olive Oil,241,1
2646,Greek Yogurt,241,2
2647,Garlic Clove,241,3
2648,Cumin,241,4
2649,Lemon Juice,241,5
2650,Lettuce,241,1
2651,Tomato,241,2
2652,Pita Bread,241,3
2653,Spring Onions,242,4
2654,Olive Oil,242,5
2655,Red Chilli,242,1
2656,Garlic,242,2
2657,Prawns,242,3
2658,Feta,242,4
2659,Butter,242,5
2660,Plain Flour,242,1
2662,White Wine Vinegar,242,3
2663,Rice,243,4
2664,Coconut Milk,243,5
2665,Water,243,1
2666,Salt,243,2
2667,Corn Flour,243,3
2668,Flour,243,4
2669,Eggs,243,5
2670,Coconut Cream,243,1
2671,Sugar,243,2
2672,Sushi Rice,244,3
2673,Rice wine,244,4
2674,Caster Sugar,244,5
2675,Mayonnaise,244,1
2676,Rice wine,244,2
2677,Soy Sauce,244,3
2678,Cucumber,244,4
2679,plain flour,245,5
2680,chilled butter,245,1
2681,cold water,245,2
2682,raspberry jam,245,3
2683,butter,245,4
2684,caster sugar,245,5
2685,ground almonds,245,1
2686,"free-range egg, beaten",245,2
2687,almond extract,245,3
2688,flaked almonds,245,4
2689,butter,246,5
2690,bread,246,1
2691,sultanas,246,2
2692,cinnamon,246,3
2693,milk,246,4
2694,double cream,246,5
2695,eggs,246,1
2696,sugar,246,2
2697,nutmeg,246,3
2698,mushrooms,247,4
2699,English Mustard,247,5
2700,Olive Oil,247,1
2701,Beef Fillet,247,2
2702,Parma ham,247,3
2703,Puff Pastry,247,4
2704,Flour,247,5
2705,Egg Yolks,247,1
2706,Aubergine,248,2
2707,Onion,248,3
2708,Tomatoes,248,4
2709,Garlic,248,5
2710,Green Chili,248,1
2711,Red Chili Powder,248,2
2712,Oil,248,3
2713,Coriander Leaves,248,4
2714,salt,248,5
2715,Beef Brisket,249,1
2716,Salt,249,2
2717,Onion,249,3
2718,Garlic,249,4
2719,Thyme,249,5
2720,Rosemary,249,1
2721,Bay Leaves,249,2
2722,beef stock,249,3
2723,Carrots,249,4
2724,Mustard,249,5
2725,Potatoes,249,1
2726,Beef,250,2
2727,Broccoli,250,3
2728,Potatoes,250,4
2729,Carrots,250,5
2730,plain flour,250,1
2731,Eggs,250,2
2732,milk,250,3
2733,sunflower oil,250,4
2734,Beef,251,5
2735,Onions,251,1
2736,Garlic,251,2
2737,Olive oil,251,3
2738,Chorizo,251,4
2739,Cumin,251,5
2740,All spice,251,1
2741,Cloves,251,2
2742,Cinnamon stick,251,3
2743,Bay Leaves,251,4
2744,Oregano,251,5
2745,Ancho Chillies,251,1
2746,Balsamic Vinegar,251,2
2747,Plum Tomatoes,251,3
2748,Tomato Ketchup,251,4
2749,Dark Brown Sugar,251,5
2750,Borlotti Beans,251,1
2751,Olive Oil,252,2
2752,Onions,252,3
2753,Garlic,252,4
2754,Butter,252,5
2755,Mushrooms,252,1
2756,Beef Fillet,252,2
2757,Plain Flour,252,3
2758,Creme Fraiche,252,4
2759,English Mustard,252,5
2760,Beef Stock,252,1
2761,Parsley,252,2
2762,Rapeseed Oil,253,3
2763,Onion,253,4
2764,Celery,253,5
2765,Leek,253,1
2766,Potatoes,253,2
2767,Butter,253,3
2768,Vegetable Stock,253,4
2769,Broccoli,253,5
2770,Stilton Cheese,253,1
2771,Sausages,254,2
2772,Tomato Sauce,254,3
2773,Butter Beans,254,4
2774,Black Treacle,254,5
2775,English Mustard,254,1
2776,Banana,255,2
2777,Eggs,255,3
2778,Baking Powder,255,4
2779,Vanilla Extract,255,5
2780,Oil,255,1
2781,Pecan Nuts,255,2
2782,Raspberries,255,3
2783,Olive Oil,256,4
2784,Butter,256,5
2785,Beef,256,1
2786,Plain Flour,256,2
2787,Garlic,256,3
2788,Onions,256,4
2789,Celery,256,5
2790,Carrots,256,1
2791,Leek,256,2
2792,Swede,256,3
2793,Red Wine,256,4
2794,Beef Stock,256,5
2795,Bay Leaf,256,1
2796,Thyme,256,2
2797,Parsley,256,3
2798,Plain Flour,256,4
2799,Baking Powder,256,5
2800,Suet,256,1
2801,Water,256,2
2802,Beef,257,3
2803,Plain Flour,257,4
2804,Rapeseed Oil,257,5
2805,Red Wine,257,1
2806,Beef Stock,257,2
2807,Onion,257,3
2808,Carrots,257,4
2809,Thyme,257,5
2810,Mustard,257,1
2811,Egg Yolks,257,2
2812,Puff Pastry,257,3
2813,Green Beans,257,4
2814,Butter,257,5
2815,Salt,257,1
2816,Pepper,257,2
2817,Beef,258,3
2818,Olive Oil,258,4
2819,Shallots,258,5
2820,Garlic,258,1
2821,Bacon,258,2
2822,Thyme,258,3
2823,Bay Leaf,258,4
2824,Stout,258,5
2825,Beef Stock,258,1
2826,Corn Flour,258,2
2827,Oysters,258,3
2828,Plain Flour,258,4
2829,Salt,258,5
2830,Butter,258,1
2831,Eggs,258,2
2832,Hazlenuts,259,3
2833,Butter,259,4
2834,Caster Sugar,259,5
2835,Lemon,259,1
2836,Plain Flour,259,2
2837,Baking Powder,259,3
2838,Blackberrys,259,4
2839,Sugar,259,5
2840,Caster Sugar,259,1
2841,Lemon Juice,259,2
2842,Double Cream,259,3
2843,Yogurt,259,4
2844,Mint,259,5
2845,Butter,260,1
2846,Caster Sugar,260,2
2847,Self-raising Flour,260,3
2848,Almonds,260,4
2849,Baking Powder,260,5
2850,Eggs,260,1
2851,Vanilla Extract,260,2
2852,Almond Extract,260,3
2853,Butter,260,4
2854,Caster Sugar,260,5
2855,Self-raising Flour,260,1
2856,Almonds,260,2
2857,Baking Powder,260,3
2858,Eggs,260,4
2859,Vanilla Extract,260,5
2860,Almond Extract,260,1
2861,Pink Food Colouring,260,2
2862,Apricot,260,3
2863,Marzipan,260,4
2864,Icing Sugar,260,5
2865,Goose Fat,261,1
2866,Beef Shin,261,2
2867,Bacon,261,3
2868,Challots,261,4
2869,Chestnut Mushroom,261,5
2870,Garlic Clove,261,1
2871,Bouquet Garni,261,2
2872,Tomato Puree,261,3
2873,Red Wine,261,4
2874,Celeriac,261,5
2875,Olive Oil,261,1
2876,Thyme,261,2
2877,Rosemary,261,3
2878,Bay Leaf,261,4
2879,Cardamom,261,5
2880,Plain Flour,262,1
2881,Caster Sugar,262,2
2882,Yeast,262,3
2883,Milk,262,4
2884,Eggs,262,5
2885,Eggs,262,1
2886,Butter,262,2
2887,Brie,262,3
2888,Prosciutto,262,4
2889,Onions,263,5
2890,Thyme,263,1
2891,Olive Oil,263,2
2892,Potatoes,263,3
2893,Vegetable Stock,263,4
2894,Water,264,5
2895,Yeast,264,1
2896,Sugar,264,2
2897,Milk,264,3
2898,Butter,264,4
2899,Eggs,264,5
2900,Salt,264,1
2901,Flour,264,2
2902,Oil,264,3
2903,Lemon,264,4
2904,Sugar,264,5
2905,Cinnamon,264,1
2906,Chicken,265,2
2907,Tomato,265,3
2908,Onions,265,4
2909,Garlic Clove,265,5
2910,Red Pepper,265,1
2911,Carrots,265,2
2912,Lime,265,3
2913,Thyme,265,4
2914,Allspice,265,5
2915,Soy Sauce,265,1
2916,Cornstarch,265,2
2917,Coconut Milk,265,3
2918,Vegetable Oil,265,4
2919,Beef,266,5
2920,Salt,266,1
2921,Pepper,266,2
2922,Sesame Seed Oil,266,3
2923,Egg,266,4
2924,Starch,266,5
2925,Oil,266,1
2926,Noodles,266,2
2927,Onion,266,3
2928,Minced Garlic,266,4
2929,Ginger,266,5
2930,Bean Sprouts,266,1
2931,Mushrooms,266,2
2932,Water,266,3
2933,Oyster Sauce,266,4
2934,Sugar,266,5
2935,Soy Sauce,266,1
2936,Fennel,267,2
2937,Parsley,267,3
2938,Lemon,267,4
2939,Cherry Tomatoes,267,5
2940,Olive Oil,267,1
2941,Salmon,267,2
2942,Black Olives,267,3
2943,Ricotta,268,4
2944,Eggs,268,5
2945,Flour,268,1
2946,Sugar,268,2
2947,Cinnamon,268,3
2948,Lemons,268,4
2949,Dark Rum,268,5
2950,Icing Sugar,268,1
2951,Potatoes,269,2
2952,Olive Oil,269,3
2953,Bacon,269,4
2954,Garlic Clove,269,5
2955,Maple Syrup,269,1
2956,Parsley,269,2
2957,Salt,269,3
2958,Pepper,269,4
2959,Allspice,269,5
2960,Butter,270,1
2961,Flour,270,2
2962,Beef Stock,270,3
2963,Onion,270,4
2964,Parsley,270,5
2965,Beef,270,1
2966,Salt,270,2
2967,Pepper,270,3
2968,Nutmeg,270,4
2969,Flour,270,5
2970,Eggs,270,1
2971,Breadcrumbs,270,2
2972,Potatoes,271,3
2973,Red Onions,271,4
2974,Garlic,271,5
2975,Lime,271,1
2976,Bread,271,2
2977,Pork,271,3
2978,Barbeque Sauce,271,4
2979,Hotsauce,271,5
2980,Tomato Ketchup,271,1
2981,Sugar,271,2
2982,Vegetable Oil,271,3
2983,Salt,271,4
2984,Pepper,271,5
2985,Rice,272,1
2986,Onion,272,2
2987,Lime,272,3
2988,Garlic Clove,272,4
2989,Cucumber,272,5
2990,Carrots,272,1
2991,Ground Beef,272,2
2992,Soy Sauce,272,3
2993,Minced Beef,273,4
2994,Olive Oil,273,5
2995,Sesame Seed Burger Buns,273,1
2996,Onion,273,2
2997,Iceberg Lettuce,273,3
2998,Cheese,273,4
2999,Dill Pickles,273,5
3000,Mayonnaise,273,1
3001,White Wine Vinegar,273,2
3002,Pepper,273,3
3003,Mustard,273,4
3004,Onion Salt,273,5
3005,Garlic Powder,273,1
3006,Paprika,273,2
3007,Bacon,274,3
3008,Kielbasa,274,4
3009,Pork,274,5
3010,Flour,274,1
3011,Garlic,274,2
3012,Onion,274,3
3013,Mushrooms,274,4
3014,Cabbage,274,5
3015,Sauerkraut,274,1
3016,Red Wine,274,2
3017,Bay Leaf,274,3
3018,Basil,274,4
3019,Marjoram,274,5
3020,Paprika,274,1
3021,Caraway Seed,274,2
3022,Hotsauce,274,3
3023,Beef Stock,274,4
3024,Tomato Puree,274,5
3025,Diced Tomatoes,274,1
3026,Worcestershire Sauce,274,2
3027,Potatoes,275,3
3028,Spring Onions,275,4
3029,Plain Flour,275,5
3030,Egg White,275,1
3031,Milk,275,2
3032,Bicarbonate Of Soda,275,3
3033,Butter,275,4
3034,Vegetable Oil,275,5
3035,Cherry Tomatoes,275,1
3036,Bacon,275,2
3037,Egg,275,3
3038,Beef,276,4
3039,Vegetable Oil,276,5
3040,Cinnamon Stick,276,1
3041,Cloves,276,2
3042,Star Anise,276,3
3043,Cardamom,276,4
3044,Coconut Cream,276,5
3045,Water,276,1
3046,Tamarind Paste,276,2
3047,Lime,276,3
3048,Sugar,276,4
3049,Challots,276,5
3050,Filo Pastry,277,1
3051,Minced Beef,277,2
3052,Onion,277,3
3053,Oil,277,4
3054,Salt,277,5
3055,Pepper,277,1
3056,Salmon,278,2
3057,Olive oil,278,3
3058,Soy Sauce,278,4
3059,Sake,278,5
3060,Sesame Seed,278,1
3061,Chocolate Chips,279,2
3062,Heavy Cream,279,3
3063,Condensed Milk,279,4
3064,Vanilla Extract,279,5
3065,White Chocolate Chips,279,1
3066,Miniature Marshmallows,279,2
3067,Mushrooms,280,3
3068,Wood Ear Mushrooms,280,4
3069,Tofu,280,5
3070,Pork,280,1
3071,Chicken Stock,280,2
3072,Salt,280,3
3073,Sugar,280,4
3074,Sesame Seed Oil,280,5
3075,Pepper,280,1
3076,Hotsauce,280,2
3077,Vinegar,280,3
3078,Soy Sauce,280,4
3079,Cornstarch,280,5
3080,Water,280,1
3081,Spring Onions,280,2
3082,Self-raising Flour,281,3
3083,Sugar,281,4
3084,Eggs,281,5
3085,Milk,281,1
3086,Potatoes,282,2
3087,Broccoli,282,3
3088,Garlic,282,4
3089,Chicken Breast,282,5
3090,Balsamic Vinegar,282,1
3091,Honey,282,2
3092,Chicken Stock,282,3
3093,Butter,282,4
3094,Vegetable Oil,282,5
3095,Olive Oil,282,1
3096,Digestive Biscuits,283,2
3097,Almonds,283,3
3098,Butter,283,4
3099,Greek Yogurt,283,5
3100,Mascarpone,283,1
3101,Eggs,283,2
3102,Lemon,283,3
3103,Orange,283,4
3104,Honey,283,5
3105,Fruit Mix,283,1
3106,Floury Potatoes,284,2
3107,Butter,284,3
3108,Garlic Clove,284,4
3109,Cabbage,284,5
3110,Spring Onions,284,1
3111,Double Cream,284,2
3112,Mustard,284,3
3113,Ham,284,4
3114,Eggs,284,5
